n,zone,section,groupe,document,ligne_index_html,equivalent_hub,detail_equivalent,langue,url
1,Bibliothèque,Installation,Systèmes,AQTiV Combi,1543,OUI,fiche portail « AQTiV COMBI »,FR,https://bewtradmin-my.sharepoint.com/:b:/g/personal/charles_epert_bewtradmin_onmicrosoft_com/IQB_4xQsZ9uUQpEXbxgTKpDxAU3ZkKCyIo4MhXwXDKTw6io?e=iHx2iz
1,Bibliothèque,Installation,Systèmes,AQTiV Combi,1543,OUI,fiche portail « AQTiV COMBI »,EN,https://bewtradmin-my.sharepoint.com/:b:/g/personal/charles_epert_bewtradmin_onmicrosoft_com/IQC5BVn7bIvqQIMqcdEu2vFjAXRuEZj6y9Vix2MQbNbvqy0?e=j9gxij
1,Bibliothèque,Installation,Systèmes,AQTiV Combi,1543,OUI,fiche portail « AQTiV COMBI »,DE,https://bewtradmin-my.sharepoint.com/:b:/g/personal/charles_epert_bewtradmin_onmicrosoft_com/IQBDP6PA2kzaQYSUrgTS6QhNASJvOd18jrpnmrx-ddoOIIA?e=weALcp
2,Bibliothèque,Installation,Systèmes,AQTiV One,1544,OUI,fiche portail « AQTiV ONE »,FR,https://bewtradmin-my.sharepoint.com/:b:/g/personal/charles_epert_bewtradmin_onmicrosoft_com/IQDQ79AuSM0RQYrlisXPPF-0ASYlMrTxA-WHFnovG0OCVC0?e=9cmzLr
2,Bibliothèque,Installation,Systèmes,AQTiV One,1544,OUI,fiche portail « AQTiV ONE »,EN,https://bewtradmin-my.sharepoint.com/:b:/g/personal/charles_epert_bewtradmin_onmicrosoft_com/IQD-bF-0gOq2R5kOW2pVjNbHAYex8gcVfTsP-NfHJTw_iLM?e=XMI4Sr
2,Bibliothèque,Installation,Systèmes,AQTiV One,1544,OUI,fiche portail « AQTiV ONE »,DE,https://bewtradmin-my.sharepoint.com/:b:/g/personal/charles_epert_bewtradmin_onmicrosoft_com/IQABp3m1oeqETakSeTA_-x2_AVod1v4zz_vdXm18oqwj7HE?e=OzhsD4
3,Bibliothèque,Installation,Systèmes,BAR 1,1545,OUI,fiche portail « BAR 1 »,FR,https://bewtradmin-my.sharepoint.com/:b:/g/personal/charles_epert_bewtradmin_onmicrosoft_com/IQAOx9-gAxMhRovh6W-b7M7sAdWgt7o67kJzc3-Hw21FIho?e=2eQFle
3,Bibliothèque,Installation,Systèmes,BAR 1,1545,OUI,fiche portail « BAR 1 »,EN,https://bewtradmin-my.sharepoint.com/:b:/g/personal/charles_epert_bewtradmin_onmicrosoft_com/IQCt_g543FByTZNxxYfBNp7_AQA6yrV7ggPxDz7W2_m9rj0?e=ZHSvwN
3,Bibliothèque,Installation,Systèmes,BAR 1,1545,OUI,fiche portail « BAR 1 »,DE,https://bewtradmin-my.sharepoint.com/:b:/g/personal/charles_epert_bewtradmin_onmicrosoft_com/IQA11YVpnbJfQ4XGCAX2ax1gAWaSdkYbPst3jPjuIMa6gr4?e=6Tl5MM
4,Bibliothèque,Installation,Systèmes,BAR 2,1546,OUI,fiche portail « BAR 2 »,FR,https://bewtradmin-my.sharepoint.com/:b:/g/personal/charles_epert_bewtradmin_onmicrosoft_com/IQALu_CkzWR3Tpb6X-J1Y5HsAQe6PCagUhGihajwrf1ybMM?e=hdR1Su
4,Bibliothèque,Installation,Systèmes,BAR 2,1546,OUI,fiche portail « BAR 2 »,EN,https://bewtradmin-my.sharepoint.com/:b:/g/personal/charles_epert_bewtradmin_onmicrosoft_com/IQB13WFGteClTocr9tof--raAQVaV7-0s69gj-df6Gfk6LI?e=45k4oy
4,Bibliothèque,Installation,Systèmes,BAR 2,1546,OUI,fiche portail « BAR 2 »,DE,https://bewtradmin-my.sharepoint.com/:b:/g/personal/charles_epert_bewtradmin_onmicrosoft_com/IQCOZ2EHpLpWSKMdjRAM2dxcAZEfOPvuA522QVwDiZiq7ik?e=NnaFzs
5,Bibliothèque,Installation,Systèmes,PRO 3,1549,OUI,fiche portail « PRO 3 »,FR,https://bewtradmin-my.sharepoint.com/:b:/g/personal/charles_epert_bewtradmin_onmicrosoft_com/IQBpajiFKTxZTbWfzFeMAfNMAY9yiGYGK_H5pfC7VKlLEIQ?e=03JyJS
5,Bibliothèque,Installation,Systèmes,PRO 3,1549,OUI,fiche portail « PRO 3 »,EN,https://bewtradmin-my.sharepoint.com/:b:/g/personal/charles_epert_bewtradmin_onmicrosoft_com/IQD4PZlC3WRgS4ZLa8oHxCV-Aemwge-ljpcAwJDO30SnTBA?e=ofa99l
5,Bibliothèque,Installation,Systèmes,PRO 3,1549,OUI,fiche portail « PRO 3 »,DE,https://bewtradmin-my.sharepoint.com/:b:/g/personal/charles_epert_bewtradmin_onmicrosoft_com/IQCDGyS3V1K6Ro6Tdrw2UAAlAbDsoGkYICdyHXsoBs4B-Zg?e=zCl62m
6,Bibliothèque,Installation,Systèmes,AQTiV Tower,1550,OUI,fiche portail « AQTiV TOWER »,FR,https://bewtradmin-my.sharepoint.com/:b:/g/personal/charles_epert_bewtradmin_onmicrosoft_com/IQAGCMFY4ObHS4v0R0KX0TsEAamaSwiIPkHMHcEdC8u7mtk?e=jj2B1o
6,Bibliothèque,Installation,Systèmes,AQTiV Tower,1550,OUI,fiche portail « AQTiV TOWER »,EN,https://bewtradmin-my.sharepoint.com/:b:/g/personal/charles_epert_bewtradmin_onmicrosoft_com/IQBCQH8IFqUTTpxHCKXgsMd4AZ61gu-Vfq3BpA73y2D7AjI?e=HjmIib
6,Bibliothèque,Installation,Systèmes,AQTiV Tower,1550,OUI,fiche portail « AQTiV TOWER »,DE,https://bewtradmin-my.sharepoint.com/:b:/g/personal/charles_epert_bewtradmin_onmicrosoft_com/IQAdJEOzbUbrSqPpEpfHn5k4AVoHQ9tqVCcBjYYVsTSkmZM?e=Sj7XIX
7,Bibliothèque,Installation,Systèmes,BOX 20 — Home,1551,OUI,fiche portail « BOX 20 - HOME »,FR,https://bewtradmin-my.sharepoint.com/:b:/g/personal/charles_epert_bewtradmin_onmicrosoft_com/IQBH-mWqrH13RoCHeYgFy7QZAUdiH4l6pMtlNF3vFDtta4k?e=Zy0XjT
7,Bibliothèque,Installation,Systèmes,BOX 20 — Home,1551,OUI,fiche portail « BOX 20 - HOME »,EN,https://bewtradmin-my.sharepoint.com/:b:/g/personal/charles_epert_bewtradmin_onmicrosoft_com/IQAl9TjpH3Y6Tqwv5IQKqPP5AVWQN5NhFSpJOd6LBYz3TRI?e=3NUH8r
7,Bibliothèque,Installation,Systèmes,BOX 20 — Home,1551,OUI,fiche portail « BOX 20 - HOME »,DE,https://bewtradmin-my.sharepoint.com/:b:/g/personal/charles_epert_bewtradmin_onmicrosoft_com/IQCZMaYLiS3LQ7r_Q_RINUdfARlBQ11zDrUFq5m98lcv-ic?e=VHeIEF
8,Bibliothèque,Installation,Systèmes,BOX 30,1552,OUI,fiche portail « BOX 30 »,FR,https://bewtradmin-my.sharepoint.com/:b:/g/personal/charles_epert_bewtradmin_onmicrosoft_com/IQATve0-gIrMR6cSuwPY62wbAQH4zaG43qBz5yAsuD7jM0E?e=JdnAZH
8,Bibliothèque,Installation,Systèmes,BOX 30,1552,OUI,fiche portail « BOX 30 »,EN,https://bewtradmin-my.sharepoint.com/:b:/g/personal/charles_epert_bewtradmin_onmicrosoft_com/IQDJLG-MrDD-QaXDFH4IZzawAWYaAjrUFQVajT9H2v89_V4?e=9jL4la
8,Bibliothèque,Installation,Systèmes,BOX 30,1552,OUI,fiche portail « BOX 30 »,DE,https://bewtradmin-my.sharepoint.com/:b:/g/personal/charles_epert_bewtradmin_onmicrosoft_com/IQBfX6aRmihgQYslBzykxdT-AXa8ClzVZFL-L9P5JLcUpfg?e=n3Lthn
9,Bibliothèque,Installation,Systèmes,BOX 80 / 120 / 150,1553,OUI,fiche portail « BOX 80/120/150 »,FR,https://bewtradmin-my.sharepoint.com/:b:/g/personal/charles_epert_bewtradmin_onmicrosoft_com/IQCcMCYSLBNCRKsb6YsIIXAcAaeniTn1x0w3E4LnjD_KWW4?e=9FJ1RM
9,Bibliothèque,Installation,Systèmes,BOX 80 / 120 / 150,1553,OUI,fiche portail « BOX 80/120/150 »,EN,https://bewtradmin-my.sharepoint.com/:b:/g/personal/charles_epert_bewtradmin_onmicrosoft_com/IQCZ2EoO5GDJT6_VRO9qHeNyAap0Dcu9dANOve-5hCyxQNI?e=sKPDYt
9,Bibliothèque,Installation,Systèmes,BOX 80 / 120 / 150,1553,OUI,fiche portail « BOX 80/120/150 »,DE,https://bewtradmin-my.sharepoint.com/:b:/g/personal/charles_epert_bewtradmin_onmicrosoft_com/IQB6Mme_LpsASK0-Taf7Zpe2AZdm5tWQF6_mSU-1C9BKcIc?e=npZtyZ
10,Bibliothèque,Installation,Systèmes,BOX avec recirculation,1554,OUI,fiche portail « BOX avec recirculation »,FR,https://bewtradmin-my.sharepoint.com/:b:/g/personal/charles_epert_bewtradmin_onmicrosoft_com/IQBNFA7l24jFRaeKtQR_bma9AUSfACr597BxPF5CbzIlOrg?e=X4PJTs
10,Bibliothèque,Installation,Systèmes,BOX avec recirculation,1554,OUI,fiche portail « BOX avec recirculation »,EN,https://bewtradmin-my.sharepoint.com/:b:/g/personal/charles_epert_bewtradmin_onmicrosoft_com/IQAhxI7zDoeMQpmcAitLI1szARLBPFTmloNVPG1A8aU7rwU?e=80iyMl
10,Bibliothèque,Installation,Systèmes,BOX avec recirculation,1554,OUI,fiche portail « BOX avec recirculation »,DE,https://bewtradmin-my.sharepoint.com/:b:/g/personal/charles_epert_bewtradmin_onmicrosoft_com/IQCwjvR8CxiRTIoVE-dl_O6FAT0Q8CdllaTEv58ZNWbPu2A?e=64CRjk
11,Bibliothèque,Installation,Kits,Kit Mullex,1555,OUI,fiche portail « KIT MULLEX »,FR,https://bewtradmin-my.sharepoint.com/:b:/g/personal/charles_epert_bewtradmin_onmicrosoft_com/IQAvjD5dL4SmTYY0fuAC65r5ARdhPlmRH3Ktc_SSOx-b9w8?e=m5HgD7
11,Bibliothèque,Installation,Kits,Kit Mullex,1555,OUI,fiche portail « KIT MULLEX »,EN,https://bewtradmin-my.sharepoint.com/:b:/g/personal/charles_epert_bewtradmin_onmicrosoft_com/IQCO1nVGOTgyS7fJZzzFOkZIAeZDaa6XqPWvrT8FhD6ibCU?e=HTfDLN
11,Bibliothèque,Installation,Kits,Kit Mullex,1555,OUI,fiche portail « KIT MULLEX »,DE,https://bewtradmin-my.sharepoint.com/:b:/g/personal/charles_epert_bewtradmin_onmicrosoft_com/IQDStsAz7zjcSZCMs971DvRmAQDonp92pWTwWexoYC-pGdY?e=3vZ22H
12,Bibliothèque,Installation,Kits,"Be Connect (schéma, pannes & infos)",1556,OUI,"fiche portail « BE CONNECT (schéma, pannes et informations) »",FR,https://bewtradmin-my.sharepoint.com/:b:/g/personal/charles_epert_bewtradmin_onmicrosoft_com/IQBqgqc4Gw26TJtn9G9ypuTHAX7RyzE8C5Yb2VZHHDggIdA?e=SeI1GH
12,Bibliothèque,Installation,Kits,"Be Connect (schéma, pannes & infos)",1556,OUI,"fiche portail « BE CONNECT (schéma, pannes et informations) »",EN,https://bewtradmin-my.sharepoint.com/:b:/g/personal/charles_epert_bewtradmin_onmicrosoft_com/IQB6olLsckpUSYMEbG6DfXArAUSkwEV3wvEZVCtxRx1aIaY?e=379lv0
12,Bibliothèque,Installation,Kits,"Be Connect (schéma, pannes & infos)",1556,OUI,"fiche portail « BE CONNECT (schéma, pannes et informations) »",DE,https://bewtradmin-my.sharepoint.com/:b:/g/personal/charles_epert_bewtradmin_onmicrosoft_com/IQBzmZeP03SIRqhuSV-Rm0OXAZPSc7l63nStrVewYW3WMmg?e=cKeSla
13,Bibliothèque,Installation,Kits,BOX 80 — Kit de ventilation,1557,OUI,fiche portail « BOX 80 - kit de ventilation »,FR,https://bewtradmin-my.sharepoint.com/:b:/g/personal/charles_epert_bewtradmin_onmicrosoft_com/IQBOo8a_UoI8R5sImeuqGab1AYrJgVT8LknH-MnrIXoCa1c?e=cXfB70
13,Bibliothèque,Installation,Kits,BOX 80 — Kit de ventilation,1557,OUI,fiche portail « BOX 80 - kit de ventilation »,EN,https://bewtradmin-my.sharepoint.com/:b:/g/personal/charles_epert_bewtradmin_onmicrosoft_com/IQDV0E3-CfifSIu6LnNruqLhAeJIqkgX1-gucFaTDhyyZHY?e=VVceif
13,Bibliothèque,Installation,Kits,BOX 80 — Kit de ventilation,1557,OUI,fiche portail « BOX 80 - kit de ventilation »,DE,https://bewtradmin-my.sharepoint.com/:b:/g/personal/charles_epert_bewtradmin_onmicrosoft_com/IQCH18JNAt4pTZ4Ls1abytC1AeqNGXMTbV9opsxGavFGYyE?e=rpq6m1
14,Bibliothèque,Maintenance,Maintenance & mise en service,Faire une maintenance (avec Be Connect),1558,OUI,fiche portail « Faire une maintenance (avec BE CONNECT) »,FR,https://bewtradmin-my.sharepoint.com/:b:/g/personal/charles_epert_bewtradmin_onmicrosoft_com/IQD39TnJ2kZdS6Z-da7b2PL0AVQ72M97HAxRDjUh1NkFYM4?e=y7FGcK
14,Bibliothèque,Maintenance,Maintenance & mise en service,Faire une maintenance (avec Be Connect),1558,OUI,fiche portail « Faire une maintenance (avec BE CONNECT) »,EN,https://bewtradmin-my.sharepoint.com/:b:/g/personal/charles_epert_bewtradmin_onmicrosoft_com/IQCoInktpzP4QoylXkEQVz1bAUD0ydhDRWIWOPwgwb7sF2s?e=UzTpep
14,Bibliothèque,Maintenance,Maintenance & mise en service,Faire une maintenance (avec Be Connect),1558,OUI,fiche portail « Faire une maintenance (avec BE CONNECT) »,DE,https://bewtradmin-my.sharepoint.com/:b:/g/personal/charles_epert_bewtradmin_onmicrosoft_com/IQDnM_HieEJgR6AyHXg0GXQ7AXNGouVNZsH7TTmlq5Vimj8?e=FbAvQ1
15,Bibliothèque,Dépannage,Gearbox (technique),Montage Air System,1559,AUCUN,"aucune fiche portail, aucun mapping LIB_FICHE",FR,https://bewtradmin-my.sharepoint.com/:b:/g/personal/charles_epert_bewtradmin_onmicrosoft_com/IQDXBsAdiXKMR4MW8P-ofOvFAaXoN1E-xXCcoKZ9-EHMZFQ?e=lrtfVX
15,Bibliothèque,Dépannage,Gearbox (technique),Montage Air System,1559,AUCUN,"aucune fiche portail, aucun mapping LIB_FICHE",EN,https://bewtradmin-my.sharepoint.com/:b:/g/personal/charles_epert_bewtradmin_onmicrosoft_com/IQDXBsAdiXKMR4MW8P-ofOvFAaXoN1E-xXCcoKZ9-EHMZFQ?e=lrtfVX
15,Bibliothèque,Dépannage,Gearbox (technique),Montage Air System,1559,AUCUN,"aucune fiche portail, aucun mapping LIB_FICHE",DE,https://bewtradmin-my.sharepoint.com/:b:/g/personal/charles_epert_bewtradmin_onmicrosoft_com/IQDXBsAdiXKMR4MW8P-ofOvFAaXoN1E-xXCcoKZ9-EHMZFQ?e=lrtfVX
16,Bibliothèque,Dépannage,Gearbox (technique),Remplacement Gearbox,1560,AUCUN,"aucune fiche portail, aucun mapping LIB_FICHE",FR,https://bewtradmin-my.sharepoint.com/:b:/g/personal/charles_epert_bewtradmin_onmicrosoft_com/IQBI_RXvMB73TKFhn0yplFV_AX-Afn5ZZYP46gnRskr7_HI?e=vPtMMM
16,Bibliothèque,Dépannage,Gearbox (technique),Remplacement Gearbox,1560,AUCUN,"aucune fiche portail, aucun mapping LIB_FICHE",EN,https://bewtradmin-my.sharepoint.com/:b:/g/personal/charles_epert_bewtradmin_onmicrosoft_com/IQCbKzC8Y8nJSIiASMXu77bwAZ2f-dKNH7t6xrbKMt7q8DI?e=hs934Q
16,Bibliothèque,Dépannage,Gearbox (technique),Remplacement Gearbox,1560,AUCUN,"aucune fiche portail, aucun mapping LIB_FICHE",DE,https://bewtradmin-my.sharepoint.com/:b:/g/personal/charles_epert_bewtradmin_onmicrosoft_com/IQAMsG1dmiskRY3TPrnP8rCRAVYUpK5iGPK1Fsz65tv9Myw?e=ki8h5s
17,Bibliothèque,Dépannage,Gearbox (technique),Remplacement joints,1561,AUCUN,"aucune fiche portail, aucun mapping LIB_FICHE",FR,https://bewtradmin-my.sharepoint.com/:b:/g/personal/charles_epert_bewtradmin_onmicrosoft_com/IQCM42vFgvXJTJoTnGoEXC6kAScKTUIBPYPPKoufImxyJwk?e=yTEKAm
17,Bibliothèque,Dépannage,Gearbox (technique),Remplacement joints,1561,AUCUN,"aucune fiche portail, aucun mapping LIB_FICHE",EN,https://bewtradmin-my.sharepoint.com/:b:/g/personal/charles_epert_bewtradmin_onmicrosoft_com/IQBkvhImrg9dSp79VD3oIXnHAaOGKHbqWdsX0fsxqsuxNx0?e=rbi94P
17,Bibliothèque,Dépannage,Gearbox (technique),Remplacement joints,1561,AUCUN,"aucune fiche portail, aucun mapping LIB_FICHE",DE,https://bewtradmin-my.sharepoint.com/:b:/g/personal/charles_epert_bewtradmin_onmicrosoft_com/IQD_tiHvn0vYS5ZmyTce0wXdATTeJsopbdwnXE2lSWZBx70?e=gsSPma
18,Bibliothèque,Dépannage,Gearbox (technique),Changement piston (V2),1562,AUCUN,"aucune fiche portail, aucun mapping LIB_FICHE",FR,https://bewtradmin-my.sharepoint.com/:b:/g/personal/charles_epert_bewtradmin_onmicrosoft_com/IQAi-xVvStABT6g5sJO0TiTkAUbGnq839Dr3Cl8wB8-mIa0?e=71qfL2
18,Bibliothèque,Dépannage,Gearbox (technique),Changement piston (V2),1562,AUCUN,"aucune fiche portail, aucun mapping LIB_FICHE",EN,https://bewtradmin-my.sharepoint.com/:b:/g/personal/charles_epert_bewtradmin_onmicrosoft_com/IQDm8uiADekvRLCioLucRopwAQRfYpP2ufSgOWEfG921u5w?e=pD9Mv7
18,Bibliothèque,Dépannage,Gearbox (technique),Changement piston (V2),1562,AUCUN,"aucune fiche portail, aucun mapping LIB_FICHE",DE,https://bewtradmin-my.sharepoint.com/:b:/g/personal/charles_epert_bewtradmin_onmicrosoft_com/IQDXyBKjSn4dRYn8zhXkQwQwAcIVvgVcdj5p7fR6i8pKld4?e=toFow1
19,Bibliothèque,Mesures & tests,Tests électriques,Mesure de tension,1571,OUI,fiche portail « Mesure de tension »,FR,https://bewtradmin-my.sharepoint.com/:b:/g/personal/charles_epert_bewtradmin_onmicrosoft_com/IQDPfGfoSOivTaziHLMXLoRZAS2ny6RbcYwj8hFYua9DqJo?e=zJnBcs
19,Bibliothèque,Mesures & tests,Tests électriques,Mesure de tension,1571,OUI,fiche portail « Mesure de tension »,EN,https://bewtradmin-my.sharepoint.com/:b:/g/personal/charles_epert_bewtradmin_onmicrosoft_com/IQAP1HwLqZKMTbDrFUV1loGBAe8YoHpxUMoVq2MbW_ZKiM0?e=Tpqamb
19,Bibliothèque,Mesures & tests,Tests électriques,Mesure de tension,1571,OUI,fiche portail « Mesure de tension »,DE,https://bewtradmin-my.sharepoint.com/:b:/g/personal/charles_epert_bewtradmin_onmicrosoft_com/IQD1gPA_f9aBRbyRsdiCC3JZAZckyirYt4zMJ8tT_bGbmo8?e=rA0gpt
20,Bibliothèque,Mesures & tests,Tests électriques,Test fusible / continuité,1572,OUI,fiche portail « Test fusible ou continuité »,FR,https://bewtradmin-my.sharepoint.com/:b:/g/personal/charles_epert_bewtradmin_onmicrosoft_com/IQAVoiBP7x_DS59UOoRWiiZSAYgWGKjKw4ZdhI1KAFDJWyM?e=71JteF
20,Bibliothèque,Mesures & tests,Tests électriques,Test fusible / continuité,1572,OUI,fiche portail « Test fusible ou continuité »,EN,https://bewtradmin-my.sharepoint.com/:b:/g/personal/charles_epert_bewtradmin_onmicrosoft_com/IQCz-jcrkRK9SIpPrSGJ-dGRAQy-e9lRRgUkcEaOrL4GJF8?e=GD3O9s
20,Bibliothèque,Mesures & tests,Tests électriques,Test fusible / continuité,1572,OUI,fiche portail « Test fusible ou continuité »,DE,https://bewtradmin-my.sharepoint.com/:b:/g/personal/charles_epert_bewtradmin_onmicrosoft_com/IQCMvGRy0jGgSJZ_IXbMTH45AffCzG5oD8V7gbegT_kmrgc?e=wvSjZc
21,Bibliothèque,Mesures & tests,Carbonatation,Mesurer le taux de CO₂ dans l'eau,1573,OUI,fiche portail « Mesurer le taux de CO2 dans l'eau »,FR,https://bewtradmin-my.sharepoint.com/:b:/g/personal/charles_epert_bewtradmin_onmicrosoft_com/IQC1TdM4mmkiTYIw2ckWdNnbARoEr3p1b5aW0DU71hrUktU?e=6DMZrN
21,Bibliothèque,Mesures & tests,Carbonatation,Mesurer le taux de CO₂ dans l'eau,1573,OUI,fiche portail « Mesurer le taux de CO2 dans l'eau »,EN,https://bewtradmin-my.sharepoint.com/:b:/g/personal/charles_epert_bewtradmin_onmicrosoft_com/IQDLLjqhkuULRrm7y4pEzVhcATtbMqBxGZFW228c-ijl3F0?e=0p1vrH
21,Bibliothèque,Mesures & tests,Carbonatation,Mesurer le taux de CO₂ dans l'eau,1573,OUI,fiche portail « Mesurer le taux de CO2 dans l'eau »,DE,https://bewtradmin-my.sharepoint.com/:b:/g/personal/charles_epert_bewtradmin_onmicrosoft_com/IQDjbXF4UfyNTq9CG5O1_CgmAaWVG-eaSAirJkA0jWBXXzY?e=Mp4oDe
22,Bibliothèque,Astuces,Perçage,Agrandir un trou de scie cloche,1575,OUI,fiche portail « Agrandir un trou de scie cloche »,FR,https://bewtradmin-my.sharepoint.com/:b:/g/personal/charles_epert_bewtradmin_onmicrosoft_com/IQC-W687KEObR5IDcp0_LnpoAVycvIHeZw-GC9AhoRcMTuQ?e=O5B8ls
22,Bibliothèque,Astuces,Perçage,Agrandir un trou de scie cloche,1575,OUI,fiche portail « Agrandir un trou de scie cloche »,EN,https://bewtradmin-my.sharepoint.com/:b:/g/personal/charles_epert_bewtradmin_onmicrosoft_com/IQAifwJTSHL-Q40Eq8pTMPOlARfDNVt_u254cNNyjIAs80o?e=kNf2nW
22,Bibliothèque,Astuces,Perçage,Agrandir un trou de scie cloche,1575,OUI,fiche portail « Agrandir un trou de scie cloche »,DE,https://bewtradmin-my.sharepoint.com/:b:/g/personal/charles_epert_bewtradmin_onmicrosoft_com/IQCCx3Gzf9wwTKNhdBmC9kcCAVyCy4P07hFCUHqsSterODA?e=5nemOm
23,Bibliothèque,Astuces,Perçage,Transformation meuble coulissant avec charnières,1576,OUI,fiche portail « Transformation d'un meuble coulissant avec charnières »,FR,https://bewtradmin-my.sharepoint.com/:b:/g/personal/charles_epert_bewtradmin_onmicrosoft_com/IQAssIFys-p0SZ8v_ZGl_WuVAfOUhjJpO2T2UQSqrg2ZYdI?e=C1yasW
23,Bibliothèque,Astuces,Perçage,Transformation meuble coulissant avec charnières,1576,OUI,fiche portail « Transformation d'un meuble coulissant avec charnières »,EN,https://bewtradmin-my.sharepoint.com/:b:/g/personal/charles_epert_bewtradmin_onmicrosoft_com/IQCn_yd0FIQcQbT8wWcYPg2iAeL4Io-sVj165azaUKGt_wA?e=5r41Td
23,Bibliothèque,Astuces,Perçage,Transformation meuble coulissant avec charnières,1576,OUI,fiche portail « Transformation d'un meuble coulissant avec charnières »,DE,https://bewtradmin-my.sharepoint.com/:b:/g/personal/charles_epert_bewtradmin_onmicrosoft_com/IQDIRSDys0WiQoXtgrKD1dbsAbX8212vqQjXcXQJkbshCYA?e=h90ia1
24,Bibliothèque,Astuces,Joints,Faire un joint téflon,1577,OUI,fiche portail « Faire un joint téflon »,FR,https://bewtradmin-my.sharepoint.com/:b:/g/personal/charles_epert_bewtradmin_onmicrosoft_com/IQB-JC9PMuAsTq9LD38UXZRtAQ4ZvjPzRUA03M3Qv8XykVY?e=h3LbnU
24,Bibliothèque,Astuces,Joints,Faire un joint téflon,1577,OUI,fiche portail « Faire un joint téflon »,EN,https://bewtradmin-my.sharepoint.com/:b:/g/personal/charles_epert_bewtradmin_onmicrosoft_com/IQAtSyBo9wY2Sbt2Y17lB4pPAbT7jfkUKQGj_lsdKvn_4vI?e=SR2eS6
24,Bibliothèque,Astuces,Joints,Faire un joint téflon,1577,OUI,fiche portail « Faire un joint téflon »,DE,https://bewtradmin-my.sharepoint.com/:b:/g/personal/charles_epert_bewtradmin_onmicrosoft_com/IQCtJav1_R-rQJfYC68DnFgvAc2QNqqGopag996q1two3gA?e=ugceyL
25,Bibliothèque,Configuration,Configuration,Configuration Be Connect,1580,NON,fiche « Configuration BE CONNECT » vide (titre seul),FR,https://bewtradmin-my.sharepoint.com/:b:/g/personal/charles_epert_bewtradmin_onmicrosoft_com/IQCDzgpSk_RFRbrBwHnVSocsAYJCvojVvtd2v5kJTZGcROY?e=n9gMpn
25,Bibliothèque,Configuration,Configuration,Configuration Be Connect,1580,NON,fiche « Configuration BE CONNECT » vide (titre seul),EN,https://bewtradmin-my.sharepoint.com/:b:/g/personal/charles_epert_bewtradmin_onmicrosoft_com/IQDspvGqO6nwS6FkWN231pRpAZTWVg1dUsIv0D8kYBCJNuo?e=E2vCgz
25,Bibliothèque,Configuration,Configuration,Configuration Be Connect,1580,NON,fiche « Configuration BE CONNECT » vide (titre seul),DE,https://bewtradmin-my.sharepoint.com/:b:/g/personal/charles_epert_bewtradmin_onmicrosoft_com/IQBpuRfEUQZjR5RiI8Nf5Ii-AXTXTQ6I2dFuO5ZRq9BPtx0?e=Do82GP
26,Bibliothèque,Configuration,Configuration,Configuration doses BAR 2,1583,OUI,fiche portail « Configuration des doses BAR 2 »,FR,https://bewtradmin-my.sharepoint.com/:b:/g/personal/charles_epert_bewtradmin_onmicrosoft_com/IQCB27n1VbnWSa8MjRwGyC5XAZQzVW_IDcZjhKDi8GzkU30?e=v6UPlP
26,Bibliothèque,Configuration,Configuration,Configuration doses BAR 2,1583,OUI,fiche portail « Configuration des doses BAR 2 »,EN,https://bewtradmin-my.sharepoint.com/:b:/g/personal/charles_epert_bewtradmin_onmicrosoft_com/IQBGxgNLOIbfR5D6QK7DEaoJAQeUBWG3Q1-HnAheGMV8c_I?e=zfbGAw
26,Bibliothèque,Configuration,Configuration,Configuration doses BAR 2,1583,OUI,fiche portail « Configuration des doses BAR 2 »,DE,https://bewtradmin-my.sharepoint.com/:b:/g/personal/charles_epert_bewtradmin_onmicrosoft_com/IQBW1y0PO-6uSqxTBNDcJ1pCAU1HV8A0QkH8tTg9sWjnxvM?e=N7lSHI
27,Documentation → Mesures produits,Documents d’origine,MEASURES,Mesures BOX,2832,OUI,tuiles PRODUCT_DIMS — 7 BOX cotés dans la page,FR,https://bewtradmin-my.sharepoint.com/:b:/g/personal/charles_epert_bewtradmin_onmicrosoft_com/IQDaiIYOpP25So6iYi5uZHy1AUyv6xZRp5GYTLZwFqjqMok?e=M6JNWO
27,Documentation → Mesures produits,Documents d’origine,MEASURES,Mesures BOX,2832,OUI,tuiles PRODUCT_DIMS — 7 BOX cotés dans la page,EN,https://bewtradmin-my.sharepoint.com/:b:/g/personal/charles_epert_bewtradmin_onmicrosoft_com/IQDRiHpDVqDvSqUcLWZzRUQUAW6B5mUyyrWEqj82OhRoJPs?e=acnrCp
27,Documentation → Mesures produits,Documents d’origine,MEASURES,Mesures BOX,2832,OUI,tuiles PRODUCT_DIMS — 7 BOX cotés dans la page,DE,https://bewtradmin-my.sharepoint.com/:b:/g/personal/charles_epert_bewtradmin_onmicrosoft_com/IQCPDEn3j3u7RYQqrMy2DtUjAelQaXTh9Tmq5tEXeh9Aw-I?e=ugeS1b
28,Documentation → Mesures produits,Documents d’origine,MEASURES,Mesures TAP,2832,OUI,tuiles PRODUCT_DIMS — 11 TAP cotés dans la page,FR,https://bewtradmin-my.sharepoint.com/:b:/g/personal/charles_epert_bewtradmin_onmicrosoft_com/IQD0RT9ENPeiSL6x_gubVGXhAQAqQgjkfeHz1gX2XiDlwk4?e=61YKIL
28,Documentation → Mesures produits,Documents d’origine,MEASURES,Mesures TAP,2832,OUI,tuiles PRODUCT_DIMS — 11 TAP cotés dans la page,EN,https://bewtradmin-my.sharepoint.com/:b:/g/personal/charles_epert_bewtradmin_onmicrosoft_com/IQDvr0xCHJtsQ42GHnGHvH6VASCNCLDHE_uZOeygAJAvI9Y?e=yfyt1s
28,Documentation → Mesures produits,Documents d’origine,MEASURES,Mesures TAP,2832,OUI,tuiles PRODUCT_DIMS — 11 TAP cotés dans la page,DE,https://bewtradmin-my.sharepoint.com/:b:/g/personal/charles_epert_bewtradmin_onmicrosoft_com/IQCcB4h02w43RJv5gAN5Ag2XAbczx-fVPKdRh1ulN3ImViA?e=5HzytU
29,Documentation → Mesures produits,Documents d’origine,MEASURES,Mesures bouteilles CO₂ (par pays),2832,OUI,fiche portail « Mesures bouteilles CO2 (par pays) »,FR,https://bewtradmin-my.sharepoint.com/:b:/g/personal/charles_epert_bewtradmin_onmicrosoft_com/IQAXZNWkyXQtTZcnSGyLVXUWAbwZTmXn7NM-6FN6hbzV80g?e=DfCeE1
29,Documentation → Mesures produits,Documents d’origine,MEASURES,Mesures bouteilles CO₂ (par pays),2832,OUI,fiche portail « Mesures bouteilles CO2 (par pays) »,EN,https://bewtradmin-my.sharepoint.com/:b:/g/personal/charles_epert_bewtradmin_onmicrosoft_com/IQBANxlVjYq1RJW-jDevCC6pAc2E-nvlLGUwXeUeDIhYpTI?e=KisP1T
29,Documentation → Mesures produits,Documents d’origine,MEASURES,Mesures bouteilles CO₂ (par pays),2832,OUI,fiche portail « Mesures bouteilles CO2 (par pays) »,DE,https://bewtradmin-my.sharepoint.com/:b:/g/personal/charles_epert_bewtradmin_onmicrosoft_com/IQAqKetdrWpJSboTAkie_ALbAXta5QTrr1zh4VUGX1hUop4?e=JoXZc9
30,Documentation → Mesures produits,Documents d’origine,MEASURES,Visite technique B2C — BOX 20 + Mullex,2832,OUI,fiche portail « Visite technique B2C — BOX 20 + Mullex »,FR,https://bewtradmin-my.sharepoint.com/:b:/g/personal/charles_epert_bewtradmin_onmicrosoft_com/IQDkPbqm87deRozFSqjNgzyhAaUayx72xOyJ8uyd7OjufuI?e=SS43cD
30,Documentation → Mesures produits,Documents d’origine,MEASURES,Visite technique B2C — BOX 20 + Mullex,2832,OUI,fiche portail « Visite technique B2C — BOX 20 + Mullex »,EN,https://bewtradmin-my.sharepoint.com/:b:/g/personal/charles_epert_bewtradmin_onmicrosoft_com/IQDufTQiILEWTLNZJcyGILQeAaykC4zEZverTmoAGf8UH7s?e=bswFy9
30,Documentation → Mesures produits,Documents d’origine,MEASURES,Visite technique B2C — BOX 20 + Mullex,2832,OUI,fiche portail « Visite technique B2C — BOX 20 + Mullex »,DE,https://bewtradmin-my.sharepoint.com/:b:/g/personal/charles_epert_bewtradmin_onmicrosoft_com/IQC_XxBVA0bAQ4Lg7jzPvekjAavZuS_E2sLdgg9czAaHQnc?e=joOUEv
31,Expérience client & remise,Mémo,s7.body,"Le mémo d’origine, en PDF",1641,OUI,mémo réécrit dans le hub (6 cartes),FR,https://bewtradmin-my.sharepoint.com/:b:/g/personal/charles_epert_bewtradmin_onmicrosoft_com/IQCBT_PG93V6Sq7xNOALzpOHATaueEaoRsBlXQ4oJZqxO-s?e=eZg5Q0
31,Expérience client & remise,Mémo,s7.body,"Le mémo d’origine, en PDF",1641,OUI,mémo réécrit dans le hub (6 cartes),EN,https://bewtradmin-my.sharepoint.com/:b:/g/personal/charles_epert_bewtradmin_onmicrosoft_com/IQDJbZgdQVnKTom-Vqvj29EmAXrho-taCLUdUtgSAWPQUwQ?e=5wjuBn
31,Expérience client & remise,Mémo,s7.body,"Le mémo d’origine, en PDF",1641,OUI,mémo réécrit dans le hub (6 cartes),DE,https://bewtradmin-my.sharepoint.com/:b:/g/personal/charles_epert_bewtradmin_onmicrosoft_com/IQCemSw6LydzSZQgrAV9uyvZAffRKooUvRPfVYnVlTM-GxY?e=X77h3E
